,date,Daily,Daily,Daily,Daily
,,sum,min,max,mean
0,2005-01-09,401757995.28930783,4183.483670686944,48583240.9853697,3192620.7863711007
1,2005-01-16,258371546.84918725,1206.1755374934453,14783369.857734663,1104151.9096119113
2,2005-01-23,228092564.36971685,1816.2669061352915,12268910.965343472,1022836.611523394
3,2005-01-30,230636953.53534874,2974.195422128999,13649871.45453068,1067763.6737747628
4,2005-02-06,199925934.7309707,2611.5645831148404,13091358.213759124,917091.4437200491
5,2005-02-13,217000359.74584985,2588.8497445255475,28753495.289009385,995414.4942470177
6,2005-02-20,256122178.14509907,3616.343008342023,20568586.07980188,1138320.791755996
7,2005-02-27,260565110.08301878,3294.477648592284,14670613.812815432,1104089.4495043168
8,2005-03-06,226750071.83770096,2845.13627004656,20860222.835126743,944791.9659904207
9,2005-03-13,211246708.04632697,3824.7352664252458,23739763.29751164,891336.3208705779
10,2005-03-20,222458868.04322815,1194.5580237972065,22732236.517206416,963025.4027845374
11,2005-03-27,213669647.89688566,389.9970926021728,12043727.459048113,958159.856039846
12,2005-04-03,226438502.79191232,523.578773926539,18027443.679342244,1088646.64803804
13,2005-04-10,167400432.24655706,1944.5846608427544,11591940.64255396,820590.3541497895
14,2005-04-17,154310379.00579652,773.2583710174719,13883840.325138748,724461.8732666504
15,2005-04-24,168272095.7523998,1194.2037564234329,14869636.461510794,793736.300718867
16,2005-05-01,168356957.10219544,180.15455761316872,12976277.498710176,790408.2493060819
17,2005-05-08,160160146.7850103,82.44361111111111,11085662.609573046,812995.6689594432
18,2005-05-15,187735062.92007717,38.16833847736626,14563511.229423871,1031511.3347256988
19,2005-05-22,359299167.2496245,1630.5514197530867,76357835.95485082,2053138.0985692828
20,2005-05-29,370477533.1196914,917.5668569958848,31936731.260185186,2245318.382543584
21,2005-06-05,340596436.9731325,1744.159233933162,22658379.172587447,2301327.2768454896
22,2005-06-12,290530487.65399486,4139.8985141388175,28833114.406061698,1949869.0446576837
23,2005-06-19,328090195.30840105,8028.015511568125,27493087.39567609,1941362.1024165743
24,2005-06-26,294047226.9142777,6259.44110025707,16273219.28539846,1547616.9837593562
25,2005-07-03,360445856.1048491,5091.420388945753,35211911.02047083,1793262.9656957667
26,2005-07-10,353603699.7349335,1944.2178096212897,32298306.210972365,1691883.7307891555
27,2005-07-17,346325441.3807677,4195.257492323439,31463512.24572672,1610816.0064221753
28,2005-07-24,339851340.37214434,2765.953618219038,16124573.939396111,1523997.042027553
29,2005-07-31,296073002.14718014,1452.0876765609007,11753404.2272262,1304286.3530712782
30,2005-08-07,268678269.36645114,1431.0934775967414,19109209.86398676,1238148.7067578393
31,2005-08-14,265002387.1411151,2242.600549898167,11695728.562601833,1274049.938178438
32,2005-08-21,251340612.6873982,2644.576120162933,12081103.750763748,1112126.6048114963
33,2005-08-28,210951293.6684827,1420.5151731160895,10185093.791242365,893861.4138495029
34,2005-09-04,187198937.53271604,167.20957746478874,8682836.54445171,776759.0768992367
35,2005-09-11,182804053.24554327,718.1054175050302,17846149.809748493,752280.0545084085
36,2005-09-18,151364588.89225352,1625.8145523138833,10453705.405216295,669754.8181073165
37,2005-09-25,171623580.3695322,694.2183350100604,15602234.603737423,752735.0016207553
38,2005-10-02,158959003.2499728,470.2769366197183,10016976.227128517,697188.6107454947
39,2005-10-09,183438331.47082835,178.7933734939759,10586400.34292169,767524.3994595328
40,2005-10-16,176664153.00793174,89.39668674698795,7587458.860798194,682100.9768646013
41,2005-10-23,159637134.0995934,175.813483935743,8841108.827560242,600139.6018781706
42,2005-10-30,177105867.99692774,98.33635542168676,18046169.446204823,614950.930544888
43,2005-11-06,243145003.860941,37.55022773279353,26067871.265156887,910655.4451720637
44,2005-11-13,244615694.02335528,46.56228238866397,18658642.072024293,899322.4044976297
45,2005-11-20,304435251.0360931,30.040182186234823,60258146.6766751,1184572.9612299344
46,2005-11-27,398022964.8283047,225.30136639676115,34202703.03488867,1617979.531822377
47,2005-12-04,170734764.36206782,225.30136639676115,13401435.706041668,699732.6408281468
48,2005-12-11,215408444.41282013,113.10861280487804,38194538.99367378,912747.6458170344
49,2005-12-18,265244657.21713924,1416.1198323170731,30321674.32398374,1128700.6690091032
50,2005-12-25,287884425.88025916,1559.3907418699189,13347721.179878049,1230275.324274612
51,2006-01-01,520820211.47664136,2919.7103252032525,18120542.69268293,2117155.3312058593
52,2006-01-08,310844496.3025416,1974.1565456379224,12011775.707478568,1334096.5506546851
53,2006-01-15,236204657.6667171,1538.6148058497229,8094230.422198689,1040549.1527168155
54,2006-01-22,249803809.39771056,2628.217508825013,15632952.050963188,1054024.5122266267
55,2006-01-29,227979008.88554212,1872.3804689863844,18397872.79121533,897555.1530926855
56,2006-02-05,193420672.40041852,1255.7371810388302,14667846.65354303,738246.8412229714
57,2006-02-12,210175027.0162909,1732.685052843483,13838358.039456468,793113.3094954374
58,2006-02-19,241287490.26126325,1218.854313034726,12569078.110301964,920944.6193177986
59,2006-02-26,249658771.38232514,4360.0928183190745,18523179.93578259,994656.4596905385
60,2006-03-05,183820546.64181694,2191.068943943944,9090306.834634636,729446.6136580037
61,2006-03-12,192190560.1482032,515.4582532532532,15271024.14422923,744924.6517372216
62,2006-03-19,207946364.60952953,5836.413478478479,15431731.25254755,841888.1158280547
63,2006-03-26,202645243.38602602,2792.684484484485,18188412.38923924,794687.2289648079
64,2006-04-02,250462669.81396887,1604.3081081081082,41169757.65595534,978369.8039608159
65,2006-04-09,213292296.4895385,899.9650967741936,23234101.369950373,860049.5826191069
66,2006-04-16,227009760.39532012,187.06312158808936,28010862.75829777,904421.3561566538
67,2006-04-23,215622767.15467,1682.0951563275437,11990034.664759306,891003.1700606198
68,2006-04-30,181860561.81980646,2230.0280794044666,10850371.00820844,777181.888118831
69,2006-05-07,192833088.37779754,2311.352439506173,26982696.13418272,800137.2961734338
70,2006-05-14,178945193.13675064,2085.64015308642,15213866.983911112,739442.946846077
71,2006-05-21,271178796.195121,1641.543901234568,41962440.850508645,1153952.3242345573
72,2006-05-28,356308448.0038519,1404.106301234568,66104775.03804939,1688665.630350009
73,2006-06-04,320731691.94282085,877.9328543209878,29475228.11913087,1812043.4573040726
74,2006-06-11,317919354.98586005,5165.057698373583,34054752.542232625,1870113.8528580002
75,2006-06-18,304748827.93702316,3804.677166091671,18891670.27666338,1665294.141732367
76,2006-06-25,304733081.16666836,2271.689211434204,21102407.126377527,1531322.0159129063
77,2006-07-02,360302308.9384104,1342.827235091178,26863507.756260443,1757572.2387239533
78,2006-07-09,478963502.1057494,879.4525356265357,81426803.87321867,2336407.3273451193
79,2006-07-16,382505903.4815037,385.033945945946,36238069.25055037,1893593.5815916026
80,2006-07-23,329067326.5237396,317.9446977886978,21389316.799012285,1621021.3129248256
81,2006-07-30,289699306.1173612,5202.333656019656,13394280.886879606,1366506.160930949
82,2006-08-06,301017126.8963103,2294.160594594595,26225502.56948014,1259485.8865954408
83,2006-08-13,292156899.86497307,4604.065282000981,12706924.691363417,1128018.9183975793
84,2006-08-20,239955163.4491908,4042.203379107406,8428563.185345758,875748.7717123752
85,2006-08-27,209112355.45297205,2117.8991417361453,9806234.015232958,749506.6503690755
86,2006-09-03,198449937.2577684,6253.260971064247,6712641.219645145,706227.5347251544
87,2006-09-10,162653247.40751603,1524.2113060620998,5289411.106771809,580904.455026843
88,2006-09-17,138281551.84433714,1805.0640611138488,9127012.407294234,497415.65411632066
89,2006-09-24,167572177.16100544,2965.0444504682114,17264176.83270577,587972.5514421243
90,2006-10-01,176359485.35272458,2221.95486939379,14967774.041601775,618805.2117639459
91,2006-10-08,193569876.80682856,1016.2870515361744,15801066.353478692,701340.1333580745
92,2006-10-15,207322398.20181865,598.5945441030724,14734013.484058471,782348.672459693
93,2006-10-22,189801700.61972746,364.7455698711596,8605351.0435778,747250.7898414467
94,2006-10-29,185596175.3746234,1506.046223984143,21284482.11487116,754455.9974578186
95,2006-11-05,228800914.03326002,1061.8802477700694,14934820.621186106,973620.9107798298
96,2006-11-12,238532185.86306205,1166.5668684863524,16972865.96619851,1006464.9192534264
97,2006-11-19,246050669.56113154,1443.479205955335,25228677.36973201,1047024.1257920491
98,2006-11-26,363708385.67208934,241.5618263027296,22568766.45341439,1547695.2581791035
99,2006-12-03,171450374.2088004,32.35646184340932,12100419.572993064,772298.9829225243
100,2006-12-10,170323744.4824975,7.353741328047572,8838536.710341923,834920.3160906741
101,2006-12-17,216475441.19202676,2976.794489593657,15508530.111204164,970741.8887534833
102,2006-12-24,272663827.04021806,1286.9047324083251,18518579.68983152,1122073.3623054242
103,2006-12-31,546702309.5373638,2172.295188305253,20205675.02531219,2017351.6957098295
104,2007-01-07,346618734.7981682,2570.3755681369066,16810265.01324994,1322972.270222016
105,2007-01-14,227874145.9986859,2835.770877796222,12523585.308908386,876439.0230718688
106,2007-01-21,211847769.2875514,1366.565903881116,8945465.626911905,753906.6522688662
107,2007-01-28,206914376.9319224,1032.255790056122,11310102.645438109,723476.8424193091
108,2007-02-04,171067999.44177982,510.4641791851558,9577961.905454082,596055.7471839018
109,2007-02-11,194577921.99604914,217.31189342453771,21355368.11210866,694921.1499858898
110,2007-02-18,285027594.9547369,21.877036250792383,25287491.18600092,1007164.6464831692
111,2007-02-25,249723336.64557076,3446.3624440414947,13176871.464803267,870116.15555948
112,2007-03-04,213360771.13261124,1553.7066841326114,25154184.576376174,738272.5644727033
113,2007-03-11,259285418.70588064,1375.933733296973,40622898.440760255,894087.6507099333
114,2007-03-18,240711557.71702737,602.6936625891153,18149378.205588453,841648.8032063894
115,2007-03-25,244131689.60420644,199.45257898632596,13712257.852477698,862656.1470113302
116,2007-04-01,230940833.17827508,179.2182593790175,17887069.158050567,813171.9478108278
117,2007-04-08,252711746.41041484,452.3337574872028,12680356.946469525,859563.7633007307
118,2007-04-15,233051335.34942862,254.16849230233305,12691712.677752728,795397.0489741592
119,2007-04-22,164174100.74200478,169.44566153488867,7997434.585975829,558415.3086462747
120,2007-04-29,136669320.53063586,554.2883504446359,5629453.005728497,495178.69757476763
121,2007-05-06,292840948.78980994,627.9937869381434,85409893.93285373,1148395.8776070978
122,2007-05-13,203926775.37599123,265.4701008420334,35936751.77762336,867773.5122382605
123,2007-05-20,293881122.08462656,151.28941230782547,67191762.77408884,1261292.3694619166
124,2007-05-27,368768006.7269619,127.02601599430628,61244226.29790959,1764440.2235739804
125,2007-06-03,310167764.0028902,1517.1758988982874,35780474.0964852,1543123.2039944788
126,2007-06-10,261562310.6417793,1320.509613538627,19821127.07631796,1294862.9239692045
127,2007-06-17,282836525.3572368,487.1783040239594,31325535.03428333,1393283.3761440236
128,2007-06-24,276535601.913147,985.7525917677776,16274426.288084587,1410895.928128301
129,2007-07-01,328562913.7814092,1520.3260649355016,24182484.005745087,1693623.2669144804
130,2007-07-08,513423134.34487927,805.0461356031475,41426246.42800014,2554343.9519645735
131,2007-07-15,456702424.801953,2727.182838131725,63024907.56741992,2378658.462510172
132,2007-07-22,346456628.51464486,6984.665764117927,17952493.202439763,1842854.406992792
133,2007-07-29,374261461.5564501,3995.308609258806,43826239.99343733,1959484.091918587
134,2007-08-05,369486603.9624325,6006.828571016319,36101874.78659754,1759460.0188687262
135,2007-08-12,345879253.0468216,3027.6814161420184,27056423.17847988,1453274.1724656369
136,2007-08-19,280935312.518226,1353.2494024057678,17609660.321157,1128254.26714147
137,2007-08-26,237220604.74535033,1127.7078353381398,9529498.070523337,908891.2059208825
138,2007-09-02,218244682.50036642,1999.8970598844733,15554674.019777125,796513.4397823592
139,2007-09-09,174235762.88719845,1303.9764593026046,8027597.959806226,629009.974322016
140,2007-09-16,139824296.74649143,472.6202887428654,8045815.194249125,480495.865108218
141,2007-09-23,164158202.89607176,1321.059120341503,13686290.64181016,512994.38405022427
142,2007-09-30,157242627.8041393,374.3949877691976,14750548.96586407,475053.2562058589
143,2007-10-07,144709581.02891797,129.26698606271776,10372577.572409734,462330.92980484973
144,2007-10-14,172415625.58313075,173.3029923038634,12486832.883543288,594536.6399418302
145,2007-10-21,168191298.38145652,110.8002737680438,8880930.307323774,581976.8110085
146,2007-10-28,176751254.5008376,73.86684917869587,20961107.719426047,609487.0844856469
147,2007-11-04,226494939.8420752,36.71534944356424,24927067.469989583,814729.9994319251
148,2007-11-11,200758607.22515786,1488.383781289104,15965421.170860754,727386.2580621662
149,2007-11-18,186080790.53502527,1413.5409535772233,14824673.851520386,704851.4792993382
150,2007-11-25,344654466.68525106,288.074280249504,20264898.736750454,1267112.0098722465
151,2007-12-02,155088984.31369662,374.2141385594047,10153834.370950695,610586.5524161285
152,2007-12-09,141957389.28112802,365.98689272315227,14450123.416938052,601514.361360712
153,2007-12-16,256828388.20409834,577.9484136052868,42476221.15562094,1146555.3044825818
154,2007-12-23,301809100.058928,105.98076044106725,23653971.686677523,1335438.4958359646
155,2007-12-30,539866933.3828725,35.32692014702242,19297157.73494068,2060560.8144384446
156,2008-01-13,388091230.6495841,16.95692167057076,13610305.01294296,1391007.9951597997
157,2008-01-20,233265629.40890184,28.121754784915677,11630100.401061209,833091.5336032208
158,2008-01-27,264560980.46480483,80.14700113700967,24134843.619442865,893787.0961648811
159,2008-02-03,286458208.39602995,106.86266818267954,10753517.182660604,897988.1140941378
160,2008-02-10,225600907.35945037,37.96436895963616,18367263.691175427,671431.2719031262
161,2008-02-17,206587484.31892884,308.44354796804805,12919959.959866412,637615.692342373
162,2008-02-24,260629007.7063956,65.89475797499209,14975520.296589874,775681.5705547488
163,2008-03-02,227097868.4600152,70.10080635637456,13936610.924211005,665976.1538416868
164,2008-03-09,167625793.8779773,284.6092738068807,8251289.636235061,500375.5041133651
165,2008-03-16,180244811.98414263,108.41747218163428,19482066.543938037,556311.1480992057
166,2008-03-23,205217578.5491177,180.69578696939044,26095186.2450873,653559.167353878
167,2008-03-30,217219694.3425921,33.35922220973362,14128477.09608576,676696.8671108788
168,2008-04-06,208696126.7346812,13.899675920722345,13300209.307645837,660430.7808059531
169,2008-04-13,167469232.9112024,385.4632092466822,8635204.840263845,558230.7763706747
170,2008-04-20,161048610.87722918,95.3296108889644,13158912.642314838,535045.2188612266
171,2008-04-27,154509665.49593386,84.27690238009897,11047227.747033603,536491.8940831036
172,2008-05-04,159102322.85684028,26.25018270855541,9679361.121039182,525090.1744450175
173,2008-05-11,253292212.6323035,91.18484519813988,51171559.755267,827752.3288637369
174,2008-05-18,223515148.82553363,95.90360611544,29284342.863995165,760255.6082501144
175,2008-05-25,223273314.1821984,438.41648509915433,27943739.23534381,759433.041436049
176,2008-06-01,315992043.7416356,338.4027244359098,50053241.50487001,1248980.4100459905
177,2008-06-08,339220973.18930775,177.68620524187102,36689346.63293512,1507648.7697302566
178,2008-06-15,316739942.2028335,84.09576125951146,30721996.42888285,1433212.4081576176
179,2008-06-22,336934692.8861596,31.19681466078651,29119005.075634677,1517723.8418295477
180,2008-06-29,294203625.0738478,33.90958115302882,19494383.55057469,1381237.6764030412
181,2008-07-06,340819203.59876156,17.632982199574986,31419408.00254096,1730046.7187754393
182,2008-07-13,385417756.02908593,101.72874345908645,34786798.580622286,1946554.3233792218
183,2008-07-20,310038453.96900856,384.54994908257714,18524702.062973943,1557982.1807487868
184,2008-07-27,439304641.39771515,296.8455747304105,90625728.80254953,2132546.8029015297
185,2008-08-03,425158422.3563993,678.6969276790747,38148021.50223673,2063875.83668155
186,2008-08-10,332278462.72882366,3980.124635987695,23288944.73654181,1589849.1039656634
187,2008-08-17,295582222.0686397,1933.164688752362,16372535.306514336,1331451.4507596383
188,2008-08-24,263455164.02149385,1236.8460832732353,12982062.477643482,1125876.7693226233
189,2008-08-31,219613313.55515644,2884.167920360041,8774973.198611505,828729.485113798
190,2008-09-07,185418269.17735958,2181.0757875902614,5831196.8833882585,637176.1827400672
191,2008-09-14,146068850.49652854,594.1827564298873,4609260.136729089,503685.6913673398
192,2008-09-21,158501123.51757678,678.290817842337,10767982.042686136,574279.4330346985
193,2008-09-28,156507900.8334286,841.0806141244979,8803891.949164242,553031.4517082282
194,2008-10-05,164658252.79669356,1344.372400963512,16793044.029824074,569751.7397809466
195,2008-10-12,186813518.84157446,223.37923471531545,17106155.674414635,618587.8107336903
196,2008-10-19,177022528.92268196,98.6705822055381,10356524.606982404,572888.4431154756
197,2008-10-26,180910473.28182185,13.704247528546958,9650306.3599433,581705.7018708098
198,2008-11-02,217317821.36579353,472.79653973487,23244312.81009637,726815.4560728881
199,2008-11-09,155753627.95223022,738.658941788681,11482696.94359892,526194.6890278048
200,2008-11-16,235845217.20477346,339.51592797457926,38466140.28329057,775806.635542018
201,2008-11-23,269668091.54998237,129.93819465693775,37733808.61820407,933107.583217932
202,2008-11-30,268332500.15983525,1067.4492550311877,50268404.14902201,1048173.8287493564
203,2008-12-07,358625069.21377426,1845.68123808403,18293988.64545604,1368797.974098375
204,2008-12-14,155927323.13248,1063.0750470917292,9839164.743488025,592879.5556368061
205,2008-12-21,159398905.52397874,660.7159655231463,16829312.36113648,603783.733045374
206,2008-12-28,164855714.91786063,529.4198441691877,9382905.074638013,601663.1931308781
207,2009-01-04,452749467.0456124,232.94473143444264,20302869.84160055,1545220.0240464588
208,2009-01-11,465908984.2827239,518.1255541602451,13995130.56537039,1558224.0277014177
209,2009-01-18,260362157.6601403,215.06723405464547,17076445.214721777,885585.5702725861
210,2009-01-25,326521362.29560536,19.67935475009828,18605096.72733172,1129831.7034450013
211,2009-02-01,323267673.3666615,106.83078292910491,14149665.50988193,1092120.518130613
212,2009-02-08,231856726.5652897,368.2850674661249,16383137.329871226,849292.0387006949
213,2009-02-15,265696796.9652015,286.7360610387713,15274333.46037334,973248.3405318736
214,2009-02-22,313346252.90406376,1386.124080436207,26985983.950752385,1135312.5105219702
215,2009-03-01,286085546.4338739,1170.7223565339102,23243928.69195968,976401.1823681702
216,2009-03-08,201068589.25785235,3331.733158021236,10947114.241775176,674726.8095901086
217,2009-03-15,199077982.02293748,2773.8950208970946,34207332.93976278,696076.8602200611
218,2009-03-22,180305759.09457055,1766.4743945954333,15207014.354023574,650923.3180309406
219,2009-03-29,192437675.0089465,8971.903915678227,13775617.547908176,672859.003527785
220,2009-04-05,247550731.48907197,3375.277693938668,33885018.338081606,884109.7553181142
221,2009-04-12,264936477.3745052,1041.0999624835863,42535656.07817483,981246.2124981674
222,2009-04-19,256612680.71369818,228.262558619396,24268339.37213937,994622.7934639464
223,2009-04-26,214842707.72704935,98.8209857437629,13107220.265109736,829508.5240426615
224,2009-05-03,201122823.7953808,868.5111986494092,15601602.521614144,814262.4445157117
225,2009-05-10,255552605.90557146,1302.7667979741138,47788501.32475592,1060384.256869591
226,2009-05-17,260351195.51977035,1461.3910341538233,37816598.98511616,1075831.386445332
227,2009-05-24,251959616.18585408,649.5071262905882,25375285.817512725,1076750.496520744
228,2009-05-31,318619748.3011653,1569.6422218689213,27877417.6487169,1379306.2697020143
229,2009-06-07,342384237.015777,1830.5553409771064,36630979.23950229,1563398.3425377945
230,2009-06-14,309211961.8319046,926.0587084420914,24575725.36439755,1508351.033326364
231,2009-06-21,294524442.29737175,850.3778333093795,18275797.50743881,1363539.0847100543
232,2009-06-28,302668757.11382383,379.7803915750627,17512663.210966513,1455138.2553549223
233,2009-07-05,488431970.20315915,1391.1520865303928,85335657.75139667,2325866.524776948
234,2009-07-12,419318603.354003,1036.139981362399,24793426.95272834,1863638.2371289022
235,2009-07-19,322305535.57162035,1081.887917864324,19846186.42033239,1534788.2646267635
236,2009-07-26,418504099.8454477,534.7420536705193,80177420.84022829,1983431.752822027
237,2009-08-02,318708077.7003683,6360.398396106822,15961081.426643018,1503339.9891526806
238,2009-08-09,284780628.1618475,6025.495511978121,11976885.147085458,1222234.4556302465
239,2009-08-16,286898364.7487653,3573.9290519565966,30471633.998772204,1205455.3140704425
240,2009-08-23,291873755.28003466,4555.76258142832,19477022.25735519,1221229.1015901032
241,2009-08-30,266911193.34047928,3465.294809900201,19778666.544738088,1071932.5033754187
242,2009-09-06,239383365.78599295,1767.0253296514916,14914612.36040661,946179.3114070868
243,2009-09-13,185248598.34392074,1699.956424301636,6255324.294898806,707055.7188699265
244,2009-09-20,191480590.48483813,1103.528705508661,13587420.503405582,693770.2553798483
245,2009-09-27,170044423.0714223,2716.906912566156,18075255.990294907,596647.0984962187
246,2009-10-04,165109615.85682207,1368.7603869073805,15369791.144979144,561597.3328463336
247,2009-10-11,177635438.68958443,986.7168250998986,12973645.348455202,578617.0641354541
248,2009-10-18,186689157.21839514,2430.095199766858,18368670.86981964,612095.5974373611
249,2009-10-25,240816037.7920732,1177.9783510734262,16935911.452869643,830400.1303174938
250,2009-11-01,205521984.50898108,891.0349065811813,11860768.835902989,696684.6932507834
251,2009-11-08,177287773.15935916,420.1181531800331,11424245.147778856,573746.8387034277
252,2009-11-15,205570673.62682015,266.1610410021726,18017441.027287018,682959.0485940869
253,2009-11-22,248527475.53814542,1116.7788009060232,33885255.73031017,828424.9184604847
254,2009-11-29,400405139.3725651,703.8175981139925,99746942.52271068,1348165.452432879
255,2009-12-06,429082006.3084547,552.9015439375029,24299218.88507373,1435056.8772858016
256,2009-12-13,185926768.46793783,880.8009707391486,11748091.919499513,650093.5960417406
257,2009-12-20,170394772.46918023,254.26116814618268,14462160.84014281,595785.9177244063
258,2009-12-27,231727557.99124333,412.3154078046205,36767675.36271528,821728.9290469622
259,2010-01-03,553997794.2106655,214.40401205840269,38859910.80107804,2029295.949489617
260,2010-01-10,927357306.112464,649.2395852081575,64520016.4436999,3379480.069324595
261,2010-01-17,298854470.3790075,13.697037662619357,23633016.71109019,1171978.315211794
262,2010-01-24,296008258.82560563,31.503186624024515,22361852.17318067,1147318.832657386
263,2010-01-31,223910604.21144325,9.587926363833548,18879833.719406333,902865.3395622711
264,2010-02-07,201896918.903853,134.19752607951426,18848869.632824432,820719.1825359878
265,2010-02-14,325395417.1272394,30.125975242339937,32032190.848348957,1296396.0841722686
266,2010-02-21,273226846.409784,46.55832537452536,22321056.711092964,1092907.3856391362
267,2010-02-28,206579251.3446187,15.062987621169968,14136196.226902155,813304.1391520421
268,2010-03-07,311361522.71328074,36.82158791716254,60290676.600213215,1240484.1542361781
269,2010-03-14,271810939.6292257,1050.0971368968576,36681035.82479519,1132545.5817884402
270,2010-03-21,241080324.2348195,6115.111119279883,19701231.05486351,952886.6570546225
271,2010-03-28,222469827.71228826,1504.2300545418625,23892250.5539698,849121.4798178942
272,2010-04-04,329776984.43854284,996.9103987942894,35479422.60792445,1244441.4507114824
273,2010-04-11,268066195.7143834,694.3129412088492,15032212.803856725,1023153.4187571885
274,2010-04-18,202193721.0152838,149.75377163328122,12404068.146640737,762995.1736425804
275,2010-04-25,179075554.673486,413.8649688774317,9224569.582810802,663242.7950869852
276,2010-05-02,172508121.72042367,2002.616346114152,21422897.829594195,648526.7733850514
277,2010-05-09,274754908.50950605,1379.3881967934442,69703555.87900248,1029044.6011591987
278,2010-05-16,250784579.23698083,873.3404559579794,30801662.2551678,946356.9027810597
279,2010-05-23,257009886.04138824,206.77219518008232,39301119.03967862,977223.9012980541
280,2010-05-30,282204378.80757916,895.1059501874616,23010787.937014733,1142527.8494233973
281,2010-06-06,280881667.0574481,671.3046635927786,18703865.9474695,1180175.07166995
282,2010-06-13,278466186.0085151,262.8028399054894,28683421.242282014,1170025.9916324164
283,2010-06-20,356929605.4435116,8.170036473745785,56031418.70445714,1538489.6786358259
284,2010-06-27,366202930.45103574,54.4669098249719,30760855.904970985,1525845.5435459823
285,2010-07-04,514165889.162737,5900.128006790082,93320662.08097632,2107237.250666955
286,2010-07-11,454090257.4057227,6380.813532344699,29055559.233616658,1853429.6220641742
287,2010-07-18,375128712.3434185,3731.5574764576095,29666777.72945402,1537412.7555058135
288,2010-07-25,354143669.2337956,1946.7811715922592,22480383.42553357,1526481.3329042913
289,2010-08-01,309549980.98164177,1777.9693776919516,14582764.613129616,1328540.6909083338
290,2010-08-08,289787861.34214336,613.1382929019019,17842505.13806387,1168499.4408957392
291,2010-08-15,286649267.59865695,788.5148777895855,18123444.83196984,1179626.615632333
292,2010-08-22,271838743.5545687,437.7617080142182,9078049.4322346,1105035.542904751
293,2010-08-29,223345661.79961708,247.43053061673203,12788652.260695703,879313.6291323507
294,2010-09-05,193490435.77313292,76.13247095899447,6578555.18652347,727407.6532824546
295,2010-09-12,168715661.53454742,995.9402899665356,14591220.911622928,636662.8737152732
296,2010-09-19,163973394.69553515,691.5874591991358,12803787.987039862,628250.5543890236
297,2010-09-26,171703923.98779523,375.00616648126027,10369703.124771675,624377.9054101645
298,2010-10-03,164423854.71836337,176.63333928465156,12045211.858082129,585138.2730190867
299,2010-10-10,161584258.79800743,2040.9704495887268,8593838.549908327,561056.454159748
300,2010-10-17,222064645.53310534,802.0036806562084,29915149.82505681,737756.2974521773
301,2010-10-24,226097392.80211788,679.8711404547554,27288851.034383275,776966.9855742883
302,2010-10-31,171302520.078478,185.9128667511008,12180685.342758251,663963.2561181318
303,2010-11-07,246459319.70209277,816.5874965151302,27871775.282715507,981909.6402473815
304,2010-11-14,227770215.9586569,145.14096698856963,17901052.046196807,869351.9693078508
305,2010-11-21,300635147.0683172,77.31808521820999,83672478.83415677,1202540.5882732687
306,2010-11-28,395278169.6458139,61.040593593323685,28258608.51472329,1550110.4691992702
307,2010-12-05,161229667.81938085,101.55979815584524,13470228.103376694,629803.3899194564
308,2010-12-12,156257752.37486258,77.18544659844237,13157228.93024423,622540.8461149904
309,2010-12-19,222819609.41026744,322.28309281454887,23710530.98817405,853714.9785834001
310,2010-12-26,341167789.27005327,400.8226700550692,19727408.51559684,1240610.1428001937
311,2011-01-02,472192783.93473274,402.1768006971471,15423045.06050685,1674442.4962224565
312,2011-01-09,225139296.09522167,497.3054267719539,8867136.35264255,830772.3103144711
313,2011-01-16,219106647.03610432,315.36441697733665,17055968.318835907,849250.5699073811
314,2011-01-23,207126167.1212135,733.1548839131245,11675720.63721773,815457.3508709193
315,2011-01-30,187141953.93722728,781.6724865250224,8100121.572951054,779758.1414051136
316,2011-02-06,154364346.0615927,591.4241038547914,9219468.957398932,632640.762547511
317,2011-02-13,234641501.0632148,4060.8439602546673,17828397.80374047,934826.6974630072
318,2011-02-20,251993181.53509802,2003.600025303987,11893933.011255756,999972.9425995953
319,2011-02-27,223759255.97825667,2204.764686479086,8533669.123302713,857315.1570048148
320,2011-03-06,212219045.52724078,2454.415443891044,22050392.64354468,832231.5510872188
321,2011-03-13,212071735.6928182,766.3407527733401,17796251.84062971,803302.0291394629
322,2011-03-20,213225925.88345483,251.0197613070386,9818335.146034984,748161.1434507187
323,2011-03-27,207247007.05024904,18.594056393113974,13444116.376082376,724639.8847910806
324,2011-04-03,208058605.29041806,92.37543684917254,20427079.324139863,719925.9698630383
325,2011-04-10,197704854.0817364,58.06456030519417,12740842.537949188,718926.742115405
326,2011-04-17,206656317.63697723,7.917894587071933,23051188.35871431,773993.699014896
327,2011-04-24,246663513.61741796,7.917894587071933,14100577.29679066,896958.2313360653
328,2011-05-01,261645179.79816914,785.1912132179667,45395084.39045645,947989.7818774245
329,2011-05-08,266606000.16738066,1087.5533978863891,33469581.913101204,948775.8013074045
330,2011-05-15,241915459.2610062,1183.4367288594644,19927810.955577,834191.2388310559
331,2011-05-22,273600531.54543203,560.8518126781258,45788295.31054948,1048277.898641502
332,2011-05-29,405165237.7659761,221.976478554106,41519277.82522438,1647013.1616503093
333,2011-06-05,345174229.9044346,34.18684044975678,28136792.66560637,1369739.0075572801
334,2011-06-12,264628225.83541262,28.927326534409584,18343677.68599428,1062763.959178364
335,2011-06-19,280370470.3610459,533.8406624077405,28120678.829848222,1149059.3047583848
336,2011-06-26,323061854.0853041,2565.3279122105955,33815762.019851856,1329472.650556807
337,2011-07-03,444931686.7882411,1295.1553016542473,49604223.20913779,1731251.6995651405
338,2011-07-10,355754395.49055874,1054.9127176636184,24076267.70037889,1400607.8562620422
339,2011-07-17,441082970.7207665,991.85442320801,119641446.63132852,1830219.7955218526
340,2011-07-24,392651069.99728227,390.1731969440781,33762710.11514151,1670855.6170097117
341,2011-07-31,354077097.40661824,189.17488336682567,17420923.20693868,1493996.1915891066
342,2011-08-07,336943709.4242248,70.74549427266106,25592443.263382558,1439930.3821548067
343,2011-08-14,315621255.8889625,43.23335761107066,14316611.083952418,1262485.0235558501
344,2011-08-21,259172198.44347042,159.83241298638242,10611137.647584368,985445.6214580624
345,2011-08-28,188324066.86973894,203.06577059745308,7706026.329347371,710656.8561122224
346,2011-09-04,188151739.34996247,44.54345935686068,7324253.362375435,674378.994085887
347,2011-09-11,169842597.01233202,10.464923376629102,12324391.135497974,581652.7294942877
348,2011-09-18,164601742.45546943,99.41677207797645,15610476.492531592,592092.5987606813
349,2011-09-25,194246993.235829,3715.047798703331,12085701.930662133,691270.438561669
350,2011-10-02,174285573.3086821,2332.369797566211,8549756.793941375,631469.4685097178
351,2011-10-09,157778887.54542205,3693.888579239559,14177309.530343918,606841.8751747002
352,2011-10-16,157126465.28937247,1811.5521705142196,9621734.270518197,618608.1310605216
353,2011-10-23,185851711.93215296,1174.494026614139,34482076.30372183,737506.7933815593
354,2011-10-30,154198568.34393454,549.2332557492459,18095852.862654086,575367.7923281139
355,2011-11-06,188894268.09240752,492.8680290255763,19792264.06728993,658168.1815066464
356,2011-11-13,217034934.84979892,331.91725677407953,19470926.181103304,766907.8969957558
357,2011-11-20,324946102.2722009,308.3025902842241,93989686.5544888,1160521.7938292888
358,2011-11-27,347328859.83142823,107.57792512045266,21895008.43021262,1296003.2083262247
359,2011-12-04,145016554.17967376,112.82562878486496,9311969.05024549,568692.3693320539
360,2011-12-11,125953791.08284591,128.88664078840088,6936217.382630544,469976.83239867876
361,2011-12-18,186535141.65110427,435.3212051118438,19325714.023055587,714694.0293145757
362,2011-12-25,286088652.04073614,1094.221276897444,17956868.19388316,1051796.5148556475
363,2012-01-01,485004216.36620224,2989.3809644085222,19151705.22146301,1644082.0893769567
364,2012-01-08,300853271.4959522,2091.124827388437,21941443.473443188,1094011.8963489172
365,2012-01-15,216956748.94982466,1285.8388105794895,11302739.19733969,840917.6315884676
366,2012-01-22,246365743.21676928,1884.2383385171952,13359878.336002473,936751.8753489326
367,2012-01-29,214365085.8319591,145.34430547283438,10711847.815776588,785220.0946225608
368,2012-02-05,194363573.8140829,53.45039378379448,13225723.72048159,699149.5460938234
369,2012-02-12,291316483.42840075,187.72821231381477,21737168.33761745,1011515.5674597248
370,2012-02-19,293565771.1665971,100.38244686224816,15064397.711622003,965676.8788374906
371,2012-02-26,256248558.7391803,341.56105295985736,12356512.113101384,837413.590650916
372,2012-03-04,259795857.6065667,705.1438803445632,40479541.34873928,892769.2701256587
373,2012-03-11,229759898.98034373,262.6499224035712,23167379.273732305,797777.4270150824
374,2012-03-18,203765868.30328435,143.61646003347985,17129806.692181945,663732.4700432714
375,2012-03-25,320543799.23481643,1883.8339262049244,87028534.25163041,1072052.8402502222
376,2012-04-01,265164257.45067522,2176.137249277441,32008192.481782284,936976.1747373682
377,2012-04-08,236771705.87155616,744.2982767238194,16791721.277879912,857868.4995346238
378,2012-04-15,207864007.00753635,1302.8444705217637,12018750.560123434,793374.0725478487
379,2012-04-22,208920900.24092403,482.43943759914816,16982195.849525176,800463.2193138852
380,2012-04-29,188199264.71276703,589.5048742855902,9922855.63077993,686858.6303385658
381,2012-05-06,368680983.57980585,340.9455779648848,104368071.30102476,1289094.3481811394
382,2012-05-13,320200356.83545464,9.040223658159825,55410783.98991799,1107959.712233407
383,2012-05-20,255351960.32727197,9.040223658159825,30461768.45720689,899126.6208706759
384,2012-05-27,263241486.2024977,49.07549985858191,24712848.729865327,978592.8855111438
385,2012-06-03,284941002.46423584,269.9152492222005,27205087.53159345,1028667.8789322594
386,2012-06-10,304415632.50437516,161.66963717654852,29190024.65606289,1140133.4550725662
387,2012-06-17,264636933.38586706,152.6161374946618,17262550.994587716,1050146.561055028
388,2012-06-24,295102196.4997647,1376.131951646781,31862286.66273892,1224490.4419077372
389,2012-07-01,374038325.467215,8258.0850669781,26622262.022786494,1532943.9568328483
390,2012-07-08,505544089.9000847,1199.6037694671415,45363267.863276064,1907713.5467927724
391,2012-07-15,337455441.31145245,637.3704693065158,21978207.52690481,1278240.307997926
392,2012-07-22,402885980.28358305,1887.4975076821008,98138077.75031865,1644432.5725860533
393,2012-07-29,308584396.02610606,4272.454893847335,32014156.140220165,1330105.1552849398
394,2012-08-05,248412992.76528585,2682.238198794161,18388036.304776046,1080056.4902838515
395,2012-08-12,265031366.3819793,516.6078375199129,18647385.033900663,1090664.0591851
396,2012-08-19,264674517.90783885,417.4088263253161,13519594.900424954,1014078.6126737121
397,2012-08-26,196011260.68408147,5654.343638092014,7210705.26729867,734124.5718504924
398,2012-09-02,180981299.61893478,4270.710676754392,8115113.10548082,637258.0972497703
399,2012-09-09,145729613.83251157,2202.1825139256807,5673654.547515849,506005.60358510964
400,2012-09-16,133177885.33266065,579.7242261470051,10726610.422307882,457655.96334247646
401,2012-09-23,145173718.58069548,250.10226570501328,6897839.72678009,474423.91693037737
402,2012-09-30,185131854.72089005,303.97044601070843,24301042.9987468,591475.5741881471
403,2012-10-07,219498133.96536356,183.4796880471388,24304535.51425965,731660.4465512119
404,2012-10-14,223376458.32526794,196.31043546302263,12480582.205082202,775612.7025182914
405,2012-10-21,210594744.89370865,585.0820821643026,19387395.35132308,736345.2618661141
406,2012-10-28,159069082.02706677,89.81523191118681,6786725.04887665,572190.9425434057
407,2012-11-04,217202141.9602071,1274.0932183972643,27458749.66911793,789825.9707643895
408,2012-11-11,273280410.80440533,1227.3022183032824,43651148.594472274,986571.8801603081
409,2012-11-18,393968257.3549807,946.2603237758502,91748368.35772152,1382344.762649055
410,2012-11-25,435780859.52666354,318.4282015975954,22620047.503490128,1472232.6335360254
411,2012-12-02,205150693.2854551,421.5628417911485,9880322.633886611,700173.0146261266
412,2012-12-09,144422160.1210056,699.3313487310596,6487769.31137495,501465.83375349164
413,2012-12-16,210218508.33815622,417.5305464697454,47990866.64674371,715028.9399257015
414,2012-12-23,212345653.25541267,1022.4974063701816,18304340.086942133,705467.2865628328
415,2012-12-30,499996846.99794865,531.2849987587163,23412301.50132186,1492527.9014864138
416,2013-01-13,378110385.03907746,738.5125977071392,13182380.271026578,1189026.3680474134
417,2013-01-20,238251092.892444,204.9275794684732,12056530.059922704,771039.1355742525
418,2013-01-27,238607873.0971513,306.74694285218,13970473.743290778,767227.8877721907
419,2013-02-03,210280934.84824562,1359.7395996178566,10667430.395774707,680520.824751604
420,2013-02-10,152812060.44152072,1266.9422051415668,11537906.352441788,489782.24500487413
421,2013-02-17,168011496.0988517,1041.8819077728867,18932611.41836014,513796.6241555098
422,2013-02-24,254175859.82819623,479.3935158464203,12995931.234771673,761005.5683478928
423,2013-03-03,201299608.98998564,461.4961579214872,8525253.041616775,625154.0651862908
424,2013-03-10,172940887.4952208,1023.9845498479538,15306627.618289065,572651.9453484133
425,2013-03-17,214153490.09391984,479.4184548895276,42099022.3234224,746179.407992752
426,2013-03-24,196090312.18908983,1438.2553646685828,23233932.899550207,697830.2924878641
427,2013-03-31,216134083.76053497,571.2219888045436,24201530.671572737,774674.1353424193
428,2013-04-07,269109852.35195667,456.4675714107736,19760439.08975268,918463.659904289
429,2013-04-14,250090846.7866736,1197.2407377941006,15188045.387281695,856475.5026940877
430,2013-04-21,189394811.743746,1452.5159484111796,14474177.195423407,676410.0419419501
431,2013-04-28,178873003.19738445,1294.2453178285907,18783003.21395857,632060.0819695564
432,2013-05-05,151016545.12316638,626.7006420649291,9970437.066197624,541277.939509557
433,2013-05-12,307750965.57417905,1003.2315777251206,87733209.7633991,1103050.0558214304
434,2013-05-19,265179426.90074915,479.0644658610402,40839133.4186997,937029.7770344493
435,2013-05-26,266176224.99879804,180.92328231986093,34334425.4057138,982200.0922464873
436,2013-06-02,403770283.4457319,486.7091115928653,49355750.37663397,1529432.8918398935
437,2013-06-09,349033090.2853822,815.428878061345,25051185.536285397,1390570.080818256
438,2013-06-16,262782537.7684194,292.3432146772647,21322802.28638482,1123002.2981556386
439,2013-06-23,357867737.77593964,244.0430313827601,55943518.250218414,1612016.8368285568
440,2013-06-30,407441651.5593909,1234.1967889201044,38733059.66451538,1827092.6078896453
441,2013-07-07,384265967.8099219,593.5838315403591,22457887.0991846,1685377.0517979031
442,2013-07-14,529647536.5247436,444.694900597613,44483040.54866094,2302815.3761945376
443,2013-07-21,382904433.62112796,1463.681501395572,22149700.306533504,1686803.6723397707
444,2013-07-28,373861600.9341813,302.3925324063768,21543710.75381856,1525965.718098699
445,2013-08-04,341113990.202221,246.48803061696265,26244332.78944845,1386642.2365943943
446,2013-08-11,285325968.7556245,2566.524854877652,12610512.742274787,1164595.7908392835
447,2013-08-18,303766439.54718506,1475.8822415201153,14071297.330288997,1163856.0902190998
448,2013-08-25,267911136.8294531,1555.8311505620477,11791966.62380653,988601.9809204912
449,2013-09-01,214384934.8671524,539.3378784574797,8872609.367594933,762935.711271005
450,2013-09-08,209120188.071996,95.17727266896702,11254433.306438856,704108.3773467878
451,2013-09-15,177812627.97767663,96.33426578802388,9274689.181012943,568091.4631874653
452,2013-09-22,156913110.55638933,187.5983070608886,25644388.164420947,514469.2149389814
453,2013-09-29,138097162.60536668,741.5203353420259,11402287.21341112,463413.2973334452
454,2013-10-06,164248106.76064813,873.3461727361639,19112859.03107423,554892.2525697572
455,2013-10-13,190587767.956846,200.7909619518211,29230783.51305953,668729.0103748982
456,2013-10-20,197993483.81178015,66.08310140186516,23461189.9292345,736035.2558058741
457,2013-10-27,187163805.48730445,998.8714942666542,17294955.404164493,711649.4505220702
458,2013-11-03,169170796.49142784,175.37438448956524,15961899.12445086,631234.3152665218
459,2013-11-10,201075917.86943048,589.6645971243354,13689759.555676648,741977.5567137656
460,2013-11-17,258104888.69099712,380.7554972990832,40849092.47463198,918522.73555515
461,2013-11-24,225288232.01540318,333.6385962955177,21344499.90912133,771535.041148641
462,2013-12-01,327336398.7960004,197.38161231223373,90350014.43517588,1128746.202744829
463,2013-12-08,427212814.2057229,202.47533133964623,40202747.9203841,1458064.2123062215
464,2013-12-15,167441668.15238,30.564936987500484,19183620.40553274,577385.0625944138
465,2013-12-22,225553649.39696804,682.6169260541775,39722430.26075632,838489.4029627064
466,2013-12-29,261107377.57002178,757.7557294817829,15627037.216722663,946041.2230797891
467,2014-01-05,508853927.1584002,430.45619590729854,13481075.537908338,1646776.4632957934
468,2014-01-12,395715199.9631,188.48377808958637,11066819.59664153,1225124.458090093
469,2014-01-19,239075113.33409005,277.8712999538296,18349370.86251048,815956.0182050855
470,2014-01-26,283147522.73499036,787.9364258964757,21168584.555631083,1076606.5503231573
471,2014-02-02,234987626.5117692,5304.93107354777,12462407.26515074,907288.1332500741
472,2014-02-09,151348083.03432146,1451.2373488485014,8168582.699409237,571124.8416389489
473,2014-02-16,223683200.9524408,576.4496786366869,38952827.28331083,819352.384441175
474,2014-02-23,271287463.389661,159.28214804434774,25614613.526431017,965435.8127745944
475,2014-03-02,215769273.74757755,309.71528786400944,18303583.15749997,751809.31619365
476,2014-03-09,186136006.59857592,126.4144032097998,15583057.733195651,660056.7609878578
477,2014-03-16,221207439.06849125,2156.6464050987547,21923571.78703136,765423.6645968555
478,2014-03-23,201991415.63375556,963.3941716428334,11955528.237620244,673304.7187791852
479,2014-03-30,217948098.226016,374.3043848103837,28617980.58826542,754145.6686021315
480,2014-04-06,230850001.09026507,918.1761922697668,22110825.71989014,836413.0474284966
481,2014-04-13,254959101.2534177,712.1831751257972,46228922.04488088,992058.7597409249
482,2014-04-20,225906076.5718516,152.73517749881893,22202129.98977104,961302.4534972409
483,2014-04-27,238183458.4526895,625.9638422082743,12940917.32478319,972177.3814395489
484,2014-05-04,198461826.1567119,370.5705945872984,12099034.766771276,826924.2756529662
485,2014-05-11,229611847.21077985,325.5011979483026,43873329.73749055,981247.2103024779
486,2014-05-18,213564060.24076504,96.06292139554436,24420554.470491804,928539.3923511524
487,2014-05-25,270366451.1612064,402.9652416981925,47919936.63631358,1175506.3093965496
488,2014-06-01,294909695.448306,353.06242538881884,44303687.88263136,1322465.0020103408
489,2014-06-08,312712627.19298023,439.14478352248847,32125737.69179067,1421421.0326953647
490,2014-06-15,277692973.95894575,3232.6731307401524,32453804.251276527,1279691.124234773
491,2014-06-22,317406096.886248,4126.76377321759,31311216.18226674,1442754.9858465819
492,2014-06-29,285411911.26152647,2075.834402520737,15167234.114834506,1309228.9507409472
493,2014-07-06,309984032.54401433,1328.6834478042151,52136361.729083724,1415452.2033973257
494,2014-07-13,296289504.6191262,1143.5871815320045,18443465.12080588,1219298.3729182149
495,2014-07-20,271089013.16211545,301.46851626442816,34438526.28054145,1163472.1594940578
496,2014-07-27,275094888.1883694,271.5708121720881,18404584.402371462,1146228.7007848725
497,2014-08-03,275043947.48354673,201.8095026232949,21287302.344889823,1045794.4771237519
498,2014-08-10,316911152.9721731,222.9870430220357,47224249.48620151,1152404.192626084
499,2014-08-17,332818318.2195357,575.246022736828,31946944.22715386,1135898.6969950025
500,2014-08-24,281300527.2541118,1332.6740830432373,14497327.804214388,925330.6817569468
501,2014-08-31,209734971.91508165,71.12586398264467,9334817.936094714,703808.6305875223
502,2014-09-07,180515714.55423963,68.63021963237644,8754177.578094782,618204.5018980809
503,2014-09-14,139335915.30708605,1002.494582638396,7262585.719645761,482131.19483420777
504,2014-09-21,132150081.52031879,664.5890703311753,12198447.597829696,466961.418799713
505,2014-09-28,152133949.42850304,2024.93930622482,16795362.815725684,537575.7930335796
506,2014-10-05,164397874.63580796,1069.8263083379898,16822951.366889186,602190.0169809816
507,2014-10-12,219599690.74730197,520.0100744209947,19316644.23122313,795651.0534322535
508,2014-10-19,232794072.5385688,393.7576284678205,14056761.078818023,837388.7501387367
509,2014-10-26,227112604.96859327,81.2515741282804,11403717.180042371,805363.8474063592
510,2014-11-02,191098702.2528461,127.50247017053232,10376963.538219202,692386.6023653843
511,2014-11-09,158279671.28839812,451.2587424662958,6285025.334108261,590595.7883895452
512,2014-11-16,236559542.0790935,558.0237559866357,30227034.584714863,899465.9394642338
513,2014-11-23,247508122.7592134,103.05844142095523,20617785.07076828,923537.7714896022
514,2014-11-30,281061069.4199474,820.6971005839484,69300444.90929109,1081004.113153644
515,2014-12-07,333316574.38737506,252.61886250746343,30414107.021668337,1234505.831064352
516,2014-12-14,134312212.94673187,582.6934611519002,12531940.237862632,499301.90686517424
517,2014-12-21,131070286.01363644,303.3545133979524,11687266.02700884,516024.74808518286
518,2014-12-28,245014200.02230722,308.410421954585,30906916.89202,949667.4419469272
519,2015-01-04,452615443.95965713,66.99078837538116,19729234.624457013,1616483.7284273468
520,2015-01-11,420733057.3196571,60.95776335325857,11836728.959753023,1402443.524398857
521,2015-01-18,209970439.48806414,40.63850890217238,19830439.226570025,721547.9020208389
522,2015-01-25,300515556.90965617,123.18548010971004,43873440.88687117,1029162.8661289595
523,2015-02-01,315184687.0736649,26.669021467050623,36365287.14413775,1033392.4166349669
524,2015-02-08,171575114.13469222,322.5681644109933,20967611.381738678,581610.5563887872
525,2015-02-15,224946959.41701674,50.57847155358254,30457050.64500132,762532.0658203957
526,2015-02-22,305154883.7880344,40.46277724286603,46472081.315854505,1074489.0274226563
527,2015-03-01,238795390.44901204,670.1647480849686,11368902.3896354,871516.0235365403
528,2015-03-08,174559947.2655555,536.1317984679749,9653343.85762732,673976.6303689402
529,2015-03-15,144089936.31781858,393.4349247625138,6587400.358454848,565058.573795367
530,2015-03-22,199087932.94256288,81.70373836921213,34008557.633811764,771658.6548161352
531,2015-03-29,215445535.4691406,221.22858389202057,26581295.63810621,851563.3813009509
532,2015-04-05,233082225.1036554,403.49076948487846,27507598.57357096,991839.2557602357
533,2015-04-12,342735203.8686537,2283.933732567053,84557822.68724722,1496660.278902418
534,2015-04-19,267287477.2949886,1685.9545813803104,31936872.05026226,1193247.6664954848
535,2015-04-26,185947884.74534553,1113.9342769834193,16210553.654411051,860869.8367840071
536,2015-05-03,158110594.40656134,2266.75589922189,10556885.603743045,690439.2768845473
537,2015-05-10,318731797.4146462,1719.8242046669684,105367623.99446604,1306277.8582567468
538,2015-05-17,232280805.63594964,625.2824667269402,42229226.44112614,996913.3289096551
539,2015-05-24,270673749.4140746,541.6618574041757,34958088.714556046,1247344.4673459658
540,2015-05-31,260174663.9650512,2796.9221715270915,14788620.520136246,1198961.5850924018
541,2015-06-07,263109747.35228023,1399.0851201614769,25595549.62607178,1206925.4465700928
542,2015-06-14,232461129.2648782,987.5075134722888,13909391.56668259,1101711.5131036881
543,2015-06-21,404512302.26831436,640.511800300036,101927130.20621192,1838692.2830377927
544,2015-06-28,453220244.7466205,180.33827387088397,48644613.89508377,2078991.948378993
545,2015-07-05,362960125.2864422,58.45447497883824,27959011.68770271,1779216.3004237365
546,2015-07-12,318712744.7487011,1743.6845514964089,15619120.274833024,1634424.332044621
547,2015-07-19,365674958.6364612,4280.570507931986,57259414.53897693,1865688.5644717407
548,2015-07-26,361022885.0997721,4462.140320296329,28167197.34679913,1814185.3522601612
549,2015-08-02,297938923.6406807,6051.497992910238,12253557.156393776,1372990.4315238742
550,2015-08-09,280294375.52752197,2461.14149773312,25247066.01784173,1285754.0161812934
551,2015-08-16,260158187.72410583,950.2346086708404,14792943.53040501,1161420.4809111867
552,2015-08-23,260169843.35412228,438.3782205139395,30044681.003394656,1126276.3781563735
553,2015-08-30,212857190.18457848,1905.4507880293395,13129614.513293276,909646.111899908
554,2015-09-06,158599251.08858407,536.764241595193,6926052.082025547,634397.0043543363
555,2015-09-13,150261132.42221153,1980.7671352623508,4844326.508945345,577927.4323931213
556,2015-09-20,178798082.8728866,820.7460799764652,13246012.253398895,657345.8929150243
557,2015-09-27,170573251.69331992,311.8336170123348,15276348.460421529,592268.2350462497
558,2015-10-04,212661654.5123411,343.0169787135683,25883971.405644163,728293.3373710312
559,2015-10-11,231410848.2789813,423.0366173613973,27767880.223954964,844565.1397043113
560,2015-10-18,196841652.23124567,1888.066082795853,19813506.485065468,751304.0161497926
561,2015-10-25,201079044.05723646,905.9722247916652,12187031.048873603,844869.9330135986
562,2015-11-01,169997191.06083554,485.4313986831373,9066369.787918668,714273.9120203174
563,2015-11-08,126949336.235642,878.5185210100994,5696405.1866102135,564219.2721584089
564,2015-11-15,231092891.3371128,581.4988244514107,34307904.16735346,1027079.5170538347
565,2015-11-22,203708773.62113208,235.1005999932585,18848444.03500101,845264.6208345729
566,2015-11-29,249604367.43289262,158.8179585060842,56998209.64216133,1002427.1784453519
567,2015-12-06,365381121.02564716,11.254815957124078,26591293.464977924,1554813.2809602006
568,2015-12-13,166501974.97287184,668.8206362963746,10416297.917640842,733488.8765324751
569,2015-12-20,131046622.4312187,266.02246696966495,6301512.591472361,567301.3958061415
570,2015-12-27,424764063.5352627,141.79499418666103,149473609.7230906,1807506.6533415434
571,2016-01-03,618688899.4031456,127.99194165521617,71188028.7623042,2416753.5132935373
572,2016-01-10,842318694.0336101,195.6384803618618,67145283.93408635,3126320.674315958
573,2016-01-17,270237718.64731383,107.73667460196864,16866445.750624698,1116684.7877988175
574,2016-01-24,225257249.8565821,88.94539414813691,9739456.768867448,962637.8198999235
575,2016-01-31,217776070.29331073,62.63760151277247,22746599.449965388,922779.9588699607
576,2016-02-07,157436428.09447476,32.544765953498576,14022575.823601604,632274.8116243966
577,2016-02-14,330143767.8726124,46.31370539536336,59250990.88116537,1264918.6508529212
578,2016-02-21,280577693.7813556,1749.9070308842695,30406542.285587765,1027757.1200782257
579,2016-02-28,186329897.8696307,2712.481070047362,17725359.073404443,667849.09630692
580,2016-03-06,238695784.45889255,1394.4180489306698,39429937.3666454,861717.6334256049
581,2016-03-13,222234410.10853645,2940.151357230444,28288329.14457528,793694.3218162017
582,2016-03-20,225438689.00948215,1774.8094670182925,20233219.27946685,769415.3208514749
583,2016-03-27,374308318.663548,1604.0588371155495,101650847.46478844,1366088.7542465255
584,2016-04-03,264920442.02432036,93.47662220953086,27705086.527123105,999699.7812238504
585,2016-04-10,174029907.57672584,74.42842753311237,13224356.170917954,707438.6486858774
586,2016-04-17,249891373.85119182,1035.7956165024807,50626187.87712582,1100843.0566131799
587,2016-04-24,216930824.10847571,591.7059988882435,33141467.883416023,972783.9646119988
588,2016-05-01,177885579.94659826,249.3352322359265,24336142.057105005,787104.336046895
589,2016-05-08,326765976.6617436,2620.443147996287,93281056.318417,1439497.6945451258
590,2016-05-15,234778517.3614551,1955.7574272881293,39486213.67351153,1025233.7002683629
591,2016-05-22,213774465.88373178,1380.025929425673,19615594.664732404,851691.0991383736
592,2016-05-29,252734909.4457372,883.3648518705069,32495707.771447245,1070910.6332446493
593,2016-06-05,261812162.9064962,1263.4480495232722,17346778.911317952,1179334.0671463793
594,2016-06-12,250968549.83789596,954.3589068036412,20182202.15715424,1140766.1356268
595,2016-06-19,362936664.40342635,178.55747288584257,67416411.90610245,1664847.084419387
596,2016-06-26,385869500.0988765,163.78030271597973,34153925.42687684,1778200.461285145
597,2016-07-03,357242452.77833706,898.9445186666558,18495586.128555283,1507352.1214275826
598,2016-07-10,413354172.8377995,172.67973801885068,47539669.2808817,1583732.4629800746
599,2016-07-17,329413095.5099033,466.2352926508968,24704180.034326848,1215546.4778963223
600,2016-07-24,344433229.32352847,197.3482720215437,27449142.786662403,1243441.2610957706
601,2016-07-31,356337464.5727264,55.504201506059154,27889288.63775205,1319768.3873063943
602,2016-08-07,394238951.4903861,825.6375986614021,79967620.0717296,1499007.4201155365
603,2016-08-14,329819090.4895184,2151.586936213146,21602841.040938515,1217044.6143524665
604,2016-08-21,257858523.5663258,1197.7906655207205,10655273.423294265,889167.3226425028
605,2016-08-28,207329456.93333584,618.6120515343639,12364046.269446831,691098.1897777861
606,2016-09-04,174130442.62927547,408.1407458952566,7311323.910743576,576590.8696333625
607,2016-09-11,179206237.09599552,82.36575293669334,18022261.08178008,609545.0241360392
608,2016-09-18,144683657.02180362,44.2562254585218,11748701.40181338,492121.2823870871
609,2016-09-25,160510152.8534967,55.32028182315225,16824647.052665807,547816.2213429922
610,2016-10-02,175115776.38027927,56.5496214192223,14739813.04799176,595631.8924499295
611,2016-10-09,166258541.1650402,520.590942749939,11709827.651936674,567435.2940786355
612,2016-10-16,166786998.67894626,265.20670668393115,11739465.72921743,573151.1982094373
613,2016-10-23,186808771.63319668,386.759780580733,14426982.092516826,631110.7149770159
614,2016-10-30,149814555.2488241,119.09745624232094,9579635.815880593,516601.9146511176
615,2016-11-06,269871197.73256856,66.4049669985457,40070890.65391771,1062485.0304431834
616,2016-11-13,264041878.15534508,1226.032446250927,21660543.956134792,1109419.6561148954
617,2016-11-20,238525737.61339203,2025.351493455644,36475306.40554706,989733.351092913
618,2016-11-27,363199594.86555797,1321.9507319154932,26799332.90813041,1386257.9956700685
619,2016-12-04,163489477.27465028,613.6310839310056,15932047.273886643,614622.0950174823
620,2016-12-11,135672096.84713295,720.3810679611652,10727637.037932009,504357.2373499366
621,2016-12-18,295819403.5525614,406.9046646674841,87397705.59005435,1083587.5588005912
622,2016-12-25,394009777.1677409,303.6418494648597,31796346.765085,1368089.5040546558
623,2017-01-01,579474768.9563302,1438.303497465125,39443490.52606532,1925165.3453698677
624,2017-01-08,318122047.5961605,1247.8627279802668,19449638.246649016,1165282.2256269613
625,2017-01-15,245744344.7415366,1294.3061987572014,10362932.856653998,948819.8638669366
626,2017-01-22,259315557.11575985,87.99815515629697,20174432.60720066,971219.3150402991
627,2017-01-29,228069241.8480681,18.3329489908952,13971112.657151448,857403.1648423612
628,2017-02-05,165343466.62786305,1349.9467412141887,9145018.04183446,648405.7514818158
629,2017-02-12,262085193.20432836,1829.981954245227,28022511.228630196,1015834.0821873192
630,2017-02-19,262822842.84768662,603.0899250009237,17133108.57754215,962721.0360721122
631,2017-02-26,229734092.3703567,123.05471196988545,15444980.683838047,806084.5346328305
632,2017-03-05,279976084.1053448,489.3843503513112,40179857.57869738,955549.7751035658
633,2017-03-12,270132546.7195172,232.51843511716527,29071247.950258616,975207.7498899536
634,2017-03-19,389998183.64071935,2876.6547758212646,77641001.26771836,1631791.5633502903
635,2017-03-26,345620707.27407193,2516.312070089951,46616200.38117564,1477011.569547316
636,2017-04-02,281270452.026128,531.9924405560273,24416121.89728207,1212372.638043655
637,2017-04-09,206213330.65875745,745.2575534507861,14360559.573816886,852121.2010692457
638,2017-04-16,264212196.23733458,257.3201976084148,55463444.76188432,1004609.1111685726
639,2017-04-23,199184930.47716382,143.22539300845725,20563889.24481851,748815.5281096384
640,2017-04-30,157308591.7536152,182.0661775531236,10903639.93002732,580474.5083159233
641,2017-05-07,267772841.8679091,76.40249169503092,68008550.13602579,1054223.7868815318
642,2017-05-14,224746285.08550137,405.0544797800052,33810993.74235596,932557.1995249019
643,2017-05-21,195226027.3837652,951.9993012793536,18556435.86838718,787201.7233216339
644,2017-05-28,227061682.0001267,576.0505326212649,28581655.516738653,915571.2983876077
645,2017-06-04,312125387.67090327,247.1743299789757,46341859.71071421,1322565.2019953527
646,2017-06-11,269879292.60332304,104.20094303035252,29083315.59567676,1215672.4892041578
647,2017-06-18,307888049.0217632,128.4337204792717,23742104.90130024,1299105.6920749503
648,2017-06-25,289237434.8315895,462.8460492743565,21144649.22193873,1185399.323080285
649,2017-07-02,293105487.7031718,55.73538813251413,35143997.45251169,1158519.7142417857
650,2017-07-09,382789055.99270797,272.8069619994608,61570690.78564134,1519004.1904472539
651,2017-07-16,312606586.60177875,121.24753866642702,26809796.221748795,1270758.4821210518
652,2017-07-23,312487003.7918182,321.30597746603155,23929728.26233118,1318510.5645224396
653,2017-07-30,284123231.2158988,152.77189871969804,13557940.997843014,1154972.484617475
654,2017-08-06,234705514.58053967,1046.366258691265,9337727.147357233,954087.4576444703
655,2017-08-13,209860307.68365788,1158.0835943450406,18147855.344470285,860083.2282117127
656,2017-08-20,178051545.94449717,667.288250603823,9718354.65155039,706553.7537480047
657,2017-08-27,129068942.44190878,414.637445574477,4703208.368040764,518349.1664333686
658,2017-09-03,122490357.28716162,1445.7912096416164,4934133.633930128,491929.14573157276
659,2017-09-10,232232878.80461395,258.5350195892537,60636425.91308612,940214.0842292063
660,2017-09-17,191630303.90226445,607.2566739189448,31067024.16737367,772702.8383155825
661,2017-09-24,181398936.82551995,104.61649629890732,18365928.5654508,708589.5969746873
662,2017-10-01,143916869.63864467,133.47621941584725,9393446.660836484,545139.6577221389
663,2017-10-08,155662167.47937065,84.22742770500642,15155767.829338005,568110.1002896739
664,2017-10-15,168719073.24097657,33.69097108200257,14029130.927115137,598294.5859609098
665,2017-10-22,147320977.3141209,12.032489672143775,10610275.864373662,524273.94061964727
666,2017-10-29,124635875.46269202,210.5685692625161,8628931.513522498,434271.34307558194
667,2017-11-05,248343127.5568355,102.27367443821478,55914745.63886017,838997.0525568767
668,2017-11-12,240808073.46024024,34.89337127892034,28569395.332344152,836139.1439591675
669,2017-11-19,285226804.47841847,9.62575759418492,46289308.101115264,1033430.4510087626
670,2017-11-26,379632559.12600285,4.81287879709246,22846521.47669144,1332044.067108782
671,2017-12-03,176577092.87434292,4.81287879709246,14287840.85655352,661337.4264956664
672,2017-12-10,140728755.24740797,231.1540620791485,9841573.209622594,562915.0209896319
673,2017-12-17,367616569.33296156,114.37310363291202,126032527.76738577,1557697.3276820404
674,2017-12-24,365735928.77814335,157.7144902727524,35121469.93702439,1562974.0546074503
675,2017-12-31,577762229.3939414,365.99393162531845,33390151.294527102,2213648.3884825343
676,2018-01-07,367288593.1018894,21.553276555572143,19424757.5838373,1401864.8591675167
677,2018-01-14,252474090.12125054,14.368851037048096,14320617.198925233,990094.4710637276
678,2018-01-21,246341592.6208935,89.8053189815506,11353866.156454874,936660.0479881882
679,2018-01-28,223383879.41947094,34.7247233395329,11542978.197166223,806439.9979042272
680,2018-02-04,161944805.85760337,33.52731908644556,7103160.826298943,591039.4374365086
681,2018-02-11,202101501.62381372,57.2159475643698,21942137.09109968,745761.9986118587
682,2018-02-18,404530848.2431735,56.02394865677876,90521763.07321148,1476389.957091874
683,2018-02-25,382089561.60952,22.64797924422971,56683693.82815444,1409924.5815849446
684,2018-03-04,241519247.9646697,897.9288450595864,35741926.8535267,875069.7390024265
685,2018-03-11,218501508.02533323,600.6014129206505,21826345.341144606,772090.1343651351
686,2018-03-18,221182216.91073677,1191.6883480128552,13747084.867279228,770669.7453335776
687,2018-03-25,209615199.80931583,714.7751468620019,12573221.893477963,738081.689469422
688,2018-04-01,241990407.5099774,1070.87915193218,18554633.961639564,870469.0917625086
689,2018-04-08,268959748.7655002,473.8403327133541,22609895.6218419,1007339.8830168546
690,2018-04-15,233367623.09201106,99.50646986980436,16447695.678370442,883968.2692879207
691,2018-04-22,197529865.69764835,135.0444948233059,11084222.322535584,762663.5741221944
692,2018-04-29,410589194.4003178,88.84506238375388,125964457.18703552,1579189.2092319916
693,2018-05-06,315837608.5327572,106.1725122024898,55064255.90205019,1174117.5038392462
694,2018-05-13,223995406.13032818,81.39892602190885,31779717.97060671,811577.558443218
695,2018-05-20,295584466.26194817,1064.0845111849533,62564419.00860535,1037138.4781120989
696,2018-05-27,297727230.4656621,668.8868268756856,41731843.23030113,1009244.8490361428
697,2018-06-03,232847044.21598312,33.0314482407746,21937981.4515438,797421.384301312
698,2018-06-10,198199036.4306855,81.26939271158662,18283548.6464052,723354.1475572463
699,2018-06-17,385414725.26569414,101.29228656806448,83931637.8565612,1448927.5385928352
700,2018-06-24,477543105.7348496,888.074233399077,68981071.85389046,1973318.6187390478
701,2018-07-01,359553662.97047293,295.63213870446725,28068746.29660422,1426800.2498828291
702,2018-07-08,372098726.85098374,208.4595962000905,39719304.94652508,1398867.3941766305
703,2018-07-15,294726775.9727586,89.50807520455862,19939697.424989883,1193225.813654893
704,2018-07-22,302604734.99286133,48.287251097196105,16826122.51912653,1271448.4663565601
705,2018-07-29,293920418.9225217,42.39856193900145,26856495.1787894,1219586.8005083888
706,2018-08-05,265465539.46798423,470.8335646807803,17340731.91632626,1144248.014948208
707,2018-08-12,261139241.5834715,1933.9488669263048,19544318.926157866,1106522.2100994554
708,2018-08-19,240071372.33578962,1125.292219587065,12106024.354631845,975899.8875438602
709,2018-08-26,190397329.51142594,4078.595754047259,12178630.421557354,729491.6839518235
710,2018-09-02,165534412.2809446,2241.167767880514,9677420.552192807,589090.4351635039
711,2018-09-09,197914777.3225849,1510.7972421060138,25962401.60942248,682464.7493882237
712,2018-09-16,165874896.93807217,751.2836091095276,12113488.811249452,570016.8279658838
713,2018-09-23,146492589.8925404,345.6610032522709,13495275.726056593,515818.9784948605
714,2018-09-30,154855468.703671,299.8080130249288,13248045.808492351,551087.0772372633
715,2018-10-07,241122782.76431188,52.813986594697205,38147577.72667419,861152.7955868281
716,2018-10-14,242336312.033537,487.0623208177631,17928557.467932068,907626.6368297266
717,2018-10-21,246467743.64347038,133.79543270656623,38827704.50959923,926570.4648250766
718,2018-10-28,178520075.8475315,11.736441465488268,15948409.710401963,656323.8082629835
719,2018-11-04,215880829.84699032,29.43970750442394,22220796.827264145,787886.240317483
720,2018-11-11,250467632.20528254,113.04847681698791,32318051.25889747,931106.4394248421
721,2018-11-18,272266220.0561662,37.68282560566264,29997014.12095398,972379.3573434507
722,2018-11-25,417016877.6941771,74.18806291114832,25566734.988795344,1473557.8717108732
723,2018-12-02,194662445.80179614,82.43118101238701,14068797.7785283,742986.4343580005
724,2018-12-09,139993483.69743624,342.5948422380818,9170337.739277884,548994.0537154363
725,2018-12-16,173369541.04743406,147.67019061986284,15372841.335131131,639740.0038650703
726,2018-12-23,279255315.94298124,283.52676599013665,32762882.28272162,1015473.8761562954
727,2018-12-30,494960870.4938802,341.4134807131229,25969184.03212556,1799857.7108868372
728,2019-01-13,343290932.5345078,411.5105874968218,19311259.192501757,1330585.0098236736
729,2019-01-20,196640677.3573648,413.8688143592678,9273422.925303522,805904.4153990361
730,2019-01-27,214682499.49247158,410.33147406559885,18732274.4079146,865655.2398889983
731,2019-02-03,194368434.9836639,1450.3095204042718,10202355.60602991,790115.5893644873
732,2019-02-10,120070029.82908927,231.30759644903,5968728.145334209,463590.8487609624
733,2019-02-17,162731666.60045257,62.22996249643954,18122317.31480441,598278.1860310757
734,2019-02-24,206911230.8323298,695.0969395828719,13740104.490509383,682875.3492816165
735,2019-03-03,212211923.85271546,281.7960565876507,26170992.7211642,709738.8757615902
736,2019-03-10,169574837.4748583,999.2018506503784,16434368.2451751,592919.0121498542
737,2019-03-17,281553970.4433915,566.2683417124964,72056246.57416937,967539.4173312422
738,2019-03-24,238214291.3223657,576.7764140329346,34348107.27903794,794047.637741219
739,2019-03-31,224580392.06927565,91.06996011046334,33770072.23145373,719808.9489399861
740,2019-04-07,221550878.62482202,44.36741646407188,20446221.82512333,721664.0997551206
741,2019-04-14,219921899.98621395,271.77085322522584,23636446.51680702,737992.9529738723
742,2019-04-21,173004443.7405458,117.30280416986244,12776935.011935135,683812.0305950427
743,2019-04-28,180703558.7057813,157.95229076337912,13843195.434975035,695013.6873299282
744,2019-05-05,512775884.6882621,78.97614538168956,182878138.99493247,1949718.1927310347
745,2019-05-12,381974242.7304028,66.2005924522986,71306575.61365838,1515770.8044857255
746,2019-05-19,257183581.17863506,477.4860753166832,31920128.407459043,1089760.937197606
747,2019-05-26,226516843.28836125,450.8302992674508,26234360.97830858,1024963.0918025397
748,2019-06-02,269378225.5402942,191.2262194836231,36343336.89141013,1207974.1055618573
749,2019-06-09,317244262.34386724,221.31476167609503,29327186.633323185,1355744.7108712276
750,2019-06-16,277902569.7100956,71.84039384250205,19734017.385581497,1153122.6958925128
751,2019-06-23,242606618.30397868,41.7137770698399,12172154.306805186,1032368.5885275688
752,2019-06-30,314851054.1086113,860.9260100803069,54931199.83732525,1345517.3252504757
753,2019-07-07,303660859.4947706,439.1533752630368,26700425.56641408,1265253.5812282108
754,2019-07-14,416068066.76651686,310.01787419466734,45410247.547524855,1755561.4631498603
755,2019-07-21,256464608.09124568,174.67425001266704,20949605.91694307,1077582.386938007
756,2019-07-28,387969073.8729163,163.10641888600034,90148984.81171294,1551876.2954916651
757,2019-08-04,332295851.17694515,3551.3241558866744,35157605.94262407,1463858.3752288332
758,2019-08-11,271573204.2628581,246.4072880206425,27307850.54233351,1160569.248986573
759,2019-08-18,236595990.70197773,256.8188635708105,12096301.510983871,1019810.304749904
760,2019-08-25,216790082.92446154,31.23472665050398,9619115.829792876,874153.5601792805
761,2019-09-01,187770536.97011206,780.8681662625995,9206901.88745235,736355.0469416159
762,2019-09-08,154855653.17136538,904.650231136819,5270674.493291374,582164.1096667871
763,2019-09-15,211739167.06296957,2361.5774753757414,42820099.66479072,836913.7038062038
764,2019-09-22,169036293.1910975,942.0879307054475,19998354.764923528,689944.0538412143
765,2019-09-29,180932146.15010965,361.8080028353437,15985411.584696157,706766.1958988658
766,2019-10-06,158261230.10591644,150.2716944683536,10398691.443279495,597212.18907893
767,2019-10-13,212356818.13649958,33.522147227555806,45383132.55430821,801346.4835339607
768,2019-10-20,234134122.50399464,17.29949173486279,25531487.169281825,932805.2689402177
769,2019-10-27,224486848.7309498,17.29949173486279,16392441.32432212,843935.521544924
770,2019-11-03,168846266.26411915,20.759390081835356,9538650.264441648,625356.5417189598
771,2019-11-10,176127433.47600055,13.839593387890234,12658909.928501446,682664.4708372115
772,2019-11-17,183181746.08413813,46.15672918416223,7527029.382235389,726911.6908100719
773,2019-11-24,177720825.75470048,75.00468492426363,14319683.278704396,710883.303018802
774,2019-12-01,276701265.939026,1190.8436129513857,57743257.89908168,1060158.1070460766
775,2019-12-08,365779565.51512057,562.4698957871226,39384283.85764828,1292507.298640002
776,2019-12-15,151041488.29185444,174.40031676356364,18537866.65578619,545276.1310175251
777,2019-12-22,172090586.68760264,0.0,27269494.552141465,623516.6184333429
778,2019-12-29,335364620.6093691,189.4149135710228,103502878.2387946,1180861.340173835
779,2020-01-05,499797103.43787706,0.0,37150363.94248835,1665990.3447929234
780,2020-01-12,103269087.10687463,213.6692622599952,17673485.55733265,1200803.3384520307
